#Annotation summary
Number of query sequences:	84
With Annotations	48
With GENENAME	16
With DESCRIPTION	20
With ENZYME	4
With GO	42
With KEYWORD	32
With PATHWAY	1
Annotator a1	0
Annotator a2	0
Annotator a3	32
Annotator a12	2
Annotator a123	14

#GO Slim
#Category "Cellular component"
GO:0005856	cytoskeleton	1
GO:0005634	nucleus	1
GO:0005783	endoplasmic reticulum	1
GO:0043234	protein complex	1
GO:0005622	intracellular	1

#Category "Biological process"
GO:0006259	DNA metabolic process	4
GO:0051276	chromosome organization	3
GO:0006950	response to stress	3
GO:0042592	homeostatic process	3
GO:0009058	biosynthetic process	2
GO:0034641	cellular nitrogen compound metabolic process	1
GO:0006810	transport	1
GO:0034655	nucleobase-containing compound catabolic process	1
GO:0006629	lipid metabolic process	1
GO:0044281	small molecule metabolic process	1
GO:0006397	mRNA processing	1

#Category "Molecular function"
GO:0016301	kinase activity	9
GO:0003677	DNA binding	7
GO:0043167	ion binding	6
GO:0004386	helicase activity	3
GO:0004518	nuclease activity	3
GO:0016874	ligase activity	1
GO:0003723	RNA binding	1
GO:0001071	nucleic acid binding transcription factor activity	1
GO:0008233	peptidase activity	1
GO:0016491	oxidoreductase activity	1
GO:0003729	mRNA binding	1
GO:0022857	transmembrane transporter activity	1

#UniProt Pathways
Lipid metabolism	1

#UniProt Keyword categories
#Category "Biological_process"
DNA damage	3
DNA recombination	3
Transport	1
Lipid metabolism	1

#Category "Cellular_component"
Membrane	5
Endoplasmic reticulum	1

