#ID	GENENAME	DESCRIPTION	ENZYME	GO(P)ID	GO(P)NAME	GO(F)ID	GO(F)NAME	GO(C)ID	GO(C)NAME	KEYWORD	PATHWAY	GOSLIM
g103.t1 LLXH01000001.1_142298_143382	GLOINDRAFT_35225									Signal		
g104.t1 LLXH01000001.1_149351_154744						GO:0001227;GO:0003676;GO:0003690	transcriptional repressor activity, RNA polymerase II transcription regulatory region sequence-specific binding;nucleic acid binding;double-stranded DNA binding	GO:0005634	nucleus			GO:0001071;GO:0003677;GO:0005634
g105.t1 LLXH01000001.1_162704_163457
g106.t1 LLXH01000001.1_165508_167478	RirG_220730									Coiled coil		
g107.t1 LLXH01000001.1_169084_170511	An02g03570	Very-long-chain 3-oxoacyl-CoA reductase	1.1.1.330	GO:0042761;GO:0006012;GO:0006913;GO:0030497;GO:0030148	very long-chain fatty acid biosynthetic process;galactose metabolic process;nucleocytoplasmic transport;fatty acid elongation;sphingolipid biosynthetic process	GO:0045703;GO:0017056;GO:0008108	ketoreductase activity;structural constituent of nuclear pore;UDP-glucose	GO:0005783;GO:0016021;GO:0005789	endoplasmic reticulum;integral component of membrane;endoplasmic reticulum membrane	Fatty acid metabolism;Lipid metabolism;Transmembrane helix;NADP;Transmembrane;Membrane;Fatty acid biosynthesis;Lipid biosynthesis;Endoplasmic reticulum;Oxidoreductase	Lipid metabolism	GO:0006629;GO:0005783;GO:0044281;GO:0009058;GO:0016491
g108.t1 LLXH01000001.1_170799_172417
g109.t1 LLXH01000001.1_176348_177178
g110.t1 LLXH01000001.1_182029_182739
g111.t1 LLXH01000001.1_188106_188454
g112.t1 LLXH01000001.1_191749_192594
g113.t1 LLXH01000001.1_197472_198302
g114.t1 LLXH01000001.1_200789_201475
g115.t1 LLXH01000001.1_204838_205335
g116.t1 LLXH01000001.1_206817_207391
g117.t1 LLXH01000001.1_211027_211992
g118.t1 LLXH01000001.1_214178_215134
g457.t1 LLXH01000029.1_841_3401
g2441.t1 LLXH01000222.1_155228_156128										Coiled coil		
g2442.t1 LLXH01000222.1_157153_159567				GO:0006355	regulation of transcription, DNA-templated	GO:0003676;GO:0008270	nucleic acid binding;zinc ion binding					GO:0009058;GO:0034641;GO:0043167
g3466.t1 LLXH01000043.1_5430_7319
g3467.t1 LLXH01000043.1_7573_13466						GO:0003676;GO:0046872	nucleic acid binding;metal ion binding					GO:0043167
g3896.t1 LLXH01000142.1_87168_92511	RirG_208410	Bck1p				GO:0004672;GO:0005524	protein kinase activity;ATP binding			Coiled coil		GO:0016301
g5808.t1 LLXH01000312.1_71983_81892	RirG_037910	Unplaced genomic scaffold PAXINscaffold_306, whole genome shotgun sequence				GO:0005525	GTP binding			Coiled coil		
g6243.t1 LLXH01000424.1_4211_13923	RirG_245180	Pho85p				GO:0005216	ion channel activity	GO:0016021	integral component of membrane	Transmembrane helix;Ion channel;Coiled coil;Ion transport;Transport;Transmembrane;Membrane		GO:0022857
g8681.t1 LLXH01000359.1_67559_74545	RirG_162370	Ypk2p				GO:0004672;GO:0005524	protein kinase activity;ATP binding			Coiled coil		GO:0016301
g9529.t1 LLXH01000677.1_40181_46480
g9650.t1 LLXH01001413.1_43439_44233		Gag-pol fusion protein		GO:0015074	DNA integration	GO:0003676;GO:0004190;GO:0008270	nucleic acid binding;aspartic-type endopeptidase activity;zinc ion binding			Coiled coil		GO:0006259;GO:0008233
g9651.t1 LLXH01001413.1_44291_46036										Coiled coil		
g11479.t1 LLXH01001172.1_32791_34573
g11480.t1 LLXH01001172.1_35341_38772								GO:0016021	integral component of membrane	Membrane;Transmembrane;Transmembrane helix		
g11538.t1 LLXH01000408.1_57159_58201						GO:0003676;GO:0003677	nucleic acid binding;DNA binding					GO:0003677
g11539.t1 LLXH01000408.1_58395_59233	RirG_265050					GO:0003677	DNA binding					GO:0003677
g14632.t1 LLXH01000585.1_39303_44238								GO:0016021	integral component of membrane	Coiled coil		
g15155.t1 LLXH01000558.1_10325_15341	RirG_230500	Sto1p		GO:0006970;GO:0051028;GO:0045292;GO:0000184	response to osmotic stress;mRNA transport;mRNA cis splicing, via spliceosome;nuclear-transcribed mRNA catabolic process, nonsense-mediated decay	GO:0003729;GO:0000339	mRNA binding;RNA cap binding	GO:0005846;GO:0005844;GO:0005829;GO:0072686;GO:0000243	nuclear cap binding complex;polysome;cytosol;mitotic spindle;commitment complex			GO:0003729;GO:0005856;GO:0006397;GO:0034655;GO:0003723;GO:0043234;GO:0006810;GO:0005622
g15241.t1 LLXH01000567.1_22223_23004
g15242.t1 LLXH01000567.1_23338_23604
g16201.t1 LLXH01001468.1_1_5297
g16974.t1 LLXH01001344.1_17703_28080								GO:0016021	integral component of membrane			
g17202.t1 LLXH01000931.1_1_1920
g17203.t1 LLXH01000931.1_1978_2382						GO:0003676	nucleic acid binding					
g17204.t1 LLXH01000931.1_2756_3635
g17799.t1 LLXH01001982.1_13676_21520								GO:0016021	integral component of membrane	Membrane;Signal;Transmembrane;Transmembrane helix		
g18377.t1 LLXH01002170.1_1574_1861
g18378.t1 LLXH01002170.1_2174_3532								GO:0016021	integral component of membrane			
g18379.t1 LLXH01002170.1_3820_4232
g18380.t1 LLXH01002170.1_4751_5299		Frk1p				GO:0004672;GO:0005524	protein kinase activity;ATP binding					GO:0016301
g18381.t1 LLXH01002170.1_6947_7255
g18382.t1 LLXH01002170.1_12919_14072
g18383.t1 LLXH01002170.1_14803_15744						GO:0003676;GO:0004523	nucleic acid binding;RNA-DNA hybrid ribonuclease activity	GO:0016021	integral component of membrane	Membrane;Signal;Transmembrane;Transmembrane helix		GO:0004518
g18384.t1 LLXH01002170.1_16966_18255
g18385.t1 LLXH01002170.1_20620_21567
g18386.t1 LLXH01002170.1_23460_23843
g18387.t1 LLXH01002170.1_26505_27113						GO:0008270	zinc ion binding			Metal-binding;Zinc;Zinc-finger		GO:0043167
g18485.t1 LLXH01001417.1_19097_21196										Coiled coil		
g19625.t1 LLXH01001120.1_1742_3607	RirG_030720	Pdc2p				GO:0003677;GO:0003676	DNA binding;nucleic acid binding			Signal		GO:0003677
g19643.t1 LLXH01002067.1_7290_8582	RirG_043490	SCF ubiquitin ligase complex subunit GRR1				GO:0016874	ligase activity			Ligase;Coiled coil		GO:0016874
g20003.t1 LLXH01001476.1_4354_4665
g20004.t1 LLXH01001476.1_4757_5504
g20005.t1 LLXH01001476.1_9217_9864						GO:0046872	metal ion binding					GO:0043167
g20048.t1 LLXH01002090.1_1_3666	RirG_201750					GO:0003676	nucleic acid binding			Coiled coil		
g20079.t1 LLXH01001176.1_1433_2878	RirG_125140	ATP-dependent DNA helicase	3.6.4.12	GO:0006281;GO:0000723;GO:0006310	DNA repair;telomere maintenance;DNA recombination	GO:0004386;GO:0005524;GO:0003678	helicase activity;ATP binding;DNA helicase activity			DNA damage;ATP-binding;Hydrolase;Nucleotide-binding;DNA repair;Helicase;DNA recombination		GO:0006259;GO:0042592;GO:0006950;GO:0051276;GO:0004386
g20080.t1 LLXH01001176.1_2950_4101		ATP-dependent DNA helicase	3.6.4.12	GO:0000723;GO:0006281;GO:0006310	telomere maintenance;DNA repair;DNA recombination	GO:0003678;GO:0005524	DNA helicase activity;ATP binding			ATP-binding;DNA damage;DNA recombination;DNA repair;Helicase;Hydrolase;Nucleotide-binding		GO:0004386;GO:0006259;GO:0006950;GO:0042592;GO:0051276
g20081.t1 LLXH01001176.1_4623_5525		ATP-dependent DNA helicase	3.6.4.12	GO:0000723;GO:0006281;GO:0006310	telomere maintenance;DNA repair;DNA recombination	GO:0003678	DNA helicase activity			DNA damage;DNA recombination;DNA repair;Helicase		GO:0004386;GO:0006259;GO:0006950;GO:0042592;GO:0051276
g20082.t1 LLXH01001176.1_6150_7123
g20362.t1 LLXH01001890.1_14330_18311								GO:0016021	integral component of membrane			
g20444.t1 LLXH01001768.1_12488_13435						GO:0003676;GO:0004523	nucleic acid binding;RNA-DNA hybrid ribonuclease activity					GO:0004518
g20567.t1 LLXH01002293.1_356_991		Cdc15p				GO:0004672;GO:0005524	protein kinase activity;ATP binding			Kinase;Transferase		GO:0016301
g20568.t1 LLXH01002293.1_1128_1901		Cdc15p				GO:0004672;GO:0005524	protein kinase activity;ATP binding			Kinase		GO:0016301
g20579.t1 LLXH01002379.1_10001_18947		Mkk2p				GO:0004672;GO:0005524	protein kinase activity;ATP binding			Coiled coil;Kinase;Transferase		GO:0016301
g20763.t1 LLXH01001978.1_8496_11242	lidL	Skt5p				GO:0005524;GO:0004672	ATP binding;protein kinase activity			Coiled coil;Signal;Nucleotide-binding;ATP-binding		GO:0016301
g21375.t1 LLXH01001705.1_9393_11285
g21389.t1 LLXH01001692.1_3279_3599
g21390.t1 LLXH01001692.1_3810_4826
g21487.t1 LLXH01001917.1_640_1396		Pkh2p				GO:0004672;GO:0005524	protein kinase activity;ATP binding					GO:0016301
g21488.t1 LLXH01001917.1_2170_5705	RirG_016790	Mkk1p				GO:0005524;GO:0004713;GO:0004672	ATP binding;protein tyrosine kinase activity;protein kinase activity			Transferase;Coiled coil;Kinase		GO:0016301
g21843.t1 LLXH01002696.1_1_7615						GO:0008270	zinc ion binding			Coiled coil		GO:0043167
g22429.t1 LLXH01001797.1_983_2437	GLOINDRAFT_321725									Coiled coil		
g22448.t1 LLXH01002872.1_1738_3350
g22449.t1 LLXH01002872.1_3438_3854		Unplaced genomic scaffold SPHSTscaffold_259, whole genome shotgun sequence		GO:0032502	developmental process	GO:0003676;GO:0003677	nucleic acid binding;DNA binding					GO:0003677
g22450.t1 LLXH01002872.1_4522_10732						GO:0003677	DNA binding			Coiled coil		GO:0003677
g22519.t1 LLXH01001753.1_703_3011
g22633.t1 LLXH01003834.1_3167_6766						GO:0003676;GO:0004523;GO:0046872	nucleic acid binding;RNA-DNA hybrid ribonuclease activity;metal ion binding			Signal		GO:0004518
g23004.t1 LLXH01002129.1_661_2785						GO:0003676	nucleic acid binding					GO:0003677
g23479.t1 LLXH01002741.1_6731_7013						GO:0003676;GO:0008270	nucleic acid binding;zinc ion binding			Coiled coil;Metal-binding;Zinc;Zinc-finger		GO:0043167
