#ID	GENENAME	DESCRIPTION	ENZYME	GO(P)ID	GO(P)NAME	GO(F)ID	GO(F)NAME	GO(C)ID	GO(C)NAME	KEYWORD	PATHWAY	GOSLIM
g645.t1 LLXI01000008.1_71901_72767
g646.t1 LLXI01000008.1_73061_76912
g758.t1 LLXI01000007.1_159444_162082		Vps21p		GO:0007264	small GTPase mediated signal transduction	GO:0003723;GO:0005525;GO:0008270	RNA binding;GTP binding;zinc ion binding			Metal-binding;Zinc;Zinc-finger		GO:0003723;GO:0043167
g999.t1 LLXI01000183.1_180163_180944						GO:0003676;GO:0043565	nucleic acid binding;sequence-specific DNA binding					GO:0003677
g1057.t1 LLXI01000034.1_45425_48267	ubb	Polyubiquitin		GO:0000086;GO:0000122;GO:0000165;GO:0000187;GO:0000209;GO:0000715;GO:0000717;GO:0002223;GO:0002755;GO:0002756;GO:0005978;GO:0006283;GO:0006294;GO:0006296;GO:0006297;GO:0006366;GO:0006511;GO:0006513;GO:0006977;GO:0007141;GO:0007144;GO:0007179;GO:0007219;GO:0007249;GO:0007254;GO:0007623;GO:0008340;GO:0008543;GO:0008584;GO:0008585;GO:0009298;GO:0009735;GO:0009751;GO:0010224;GO:0010803;GO:0010939;GO:0010992;GO:0016055;GO:0016197;GO:0016236;GO:0016567;GO:0019058;GO:0019068;GO:0019985;GO:0021888;GO:0030437;GO:0030512;GO:0031145;GO:0031398;GO:0032479;GO:0032480;GO:0033209;GO:0033683;GO:0034220;GO:0035666;GO:0036297;GO:0038061;GO:0038095;GO:0038128;GO:0042059;GO:0042276;GO:0042769;GO:0042787;GO:0043065;GO:0043066;GO:0043123;GO:0043161;GO:0043488;GO:0044267;GO:0045087;GO:0045742;GO:0045944;GO:0047497;GO:0048812;GO:0050852;GO:0051092;GO:0051321;GO:0051403;GO:0051436;GO:0051437;GO:0051881;GO:0060071;GO:0060612;GO:0060613;GO:0061136;GO:0061418;GO:0070423;GO:0070911;GO:0070987;GO:0072520;GO:0075733;GO:0090090;GO:0090263;GO:0097009;GO:1901214;GO:1901796;GO:1902255;GO:1902527;GO:2000242	G2/M transition of mitotic cell cycle;negative regulation of transcription from RNA polymerase II promoter;MAPK cascade;activation of MAPK activity;protein polyubiquitination;nucleotide-excision repair, DNA damage recognition;nucleotide-excision repair, DNA duplex unwinding;stimulatory C-type lectin receptor signaling pathway;MyD88-dependent toll-like receptor signaling pathway;MyD88-independent toll-like receptor signaling pathway;glycogen biosynthetic process;transcription-coupled nucleotide-excision repair;nucleotide-excision repair, preincision complex assembly;nucleotide-excision repair, DNA incision, 5'-to lesion;nucleotide-excision repair, DNA gap filling;transcription from RNA polymerase II promoter;ubiquitin-dependent protein catabolic process;protein monoubiquitination;DNA damage response, signal transduction by p53 class mediator resulting in cell cycle arrest;male meiosis I;female meiosis I;transforming growth factor beta receptor signaling pathway;Notch signaling pathway;I-kappaB kinase/NF-kappaB signaling;JNK cascade;circadian rhythm;determination of adult lifespan;fibroblast growth factor receptor signaling pathway;male gonad development;female gonad development;GDP-mannose biosynthetic process;response to cytokinin;response to salicylic acid;response to UV-B;regulation of tumor necrosis factor-mediated signaling pathway;regulation of necrotic cell death;ubiquitin homeostasis;Wnt signaling pathway;endosomal transport;macroautophagy;protein ubiquitination;viral life cycle;virion assembly;translesion synthesis;hypothalamus gonadotrophin-releasing hormone neuron development;ascospore formation;negative regulation of transforming growth factor beta receptor signaling pathway;anaphase-promoting complex-dependent catabolic process;positive regulation of protein ubiquitination;regulation of type I interferon production;negative regulation of type I interferon production;tumor necrosis factor-mediated signaling pathway;nucleotide-excision repair, DNA incision;ion transmembrane transport;TRIF-dependent toll-like receptor signaling pathway;interstrand cross-link repair;NIK/NF-kappaB signaling;Fc-epsilon receptor signaling pathway;ERBB2 signaling pathway;negative regulation of epidermal growth factor receptor signaling pathway;error-prone translesion synthesis;DNA damage response, detection of DNA damage;protein ubiquitination involved in ubiquitin-dependent protein catabolic process;positive regulation of apoptotic process;negative regulation of apoptotic process;positive regulation of I-kappaB kinase/NF-kappaB signaling;proteasome-mediated ubiquitin-dependent protein catabolic process;regulation of mRNA stability;cellular protein metabolic process;innate immune response;positive regulation of epidermal growth factor receptor signaling pathway;positive regulation of transcription from RNA polymerase II promoter;mitochondrion transport along microtubule;neuron projection morphogenesis;T cell receptor signaling pathway;positive regulation of NF-kappaB transcription factor activity;meiotic cell cycle;stress-activated MAPK cascade;negative regulation of ubiquitin-protein ligase activity involved in mitotic cell cycle;positive regulation of ubiquitin-protein ligase activity involved in regulation of mitotic cell cycle transition;regulation of mitochondrial membrane potential;Wnt signaling pathway, planar cell polarity pathway;adipose tissue development;fat pad development;regulation of proteasomal protein catabolic process;regulation of transcription from RNA polymerase II promoter in response to hypoxia;nucleotide-binding oligomerization domain containing signaling pathway;global genome nucleotide-excision repair;error-free translesion synthesis;seminiferous tubule development;intracellular transport of virus;negative regulation of canonical Wnt signaling pathway;positive regulation of canonical Wnt signaling pathway;energy homeostasis;regulation of neuron death;regulation of signal transduction by p53 class mediator;positive regulation of intrinsic apoptotic signaling pathway by p53 class mediator;positive regulation of protein monoubiquitination;negative regulation of reproductive process	GO:0002020;GO:0004141;GO:0004531;GO:0004615;GO:0004800;GO:0016616;GO:0031386;GO:0043008;GO:0044822	protease binding;dethiobiotin synthase activity;deoxyribonuclease II activity;phosphomannomutase activity;thyroxine 5'-deiodinase activity;oxidoreductase activity, acting on the CH-OH group of donors, NAD or NADP as acceptor;protein tag;ATP-dependent protein binding;poly(A) RNA binding	GO:0005615;GO:0005618;GO:0005634;GO:0005654;GO:0005730;GO:0005737;GO:0005739;GO:0005773;GO:0005774;GO:0005875;GO:0010008;GO:0022625;GO:0030666;GO:0043005;GO:0043025;GO:0043209;GO:0070062	extracellular space;cell wall;nucleus;nucleoplasm;nucleolus;cytoplasm;mitochondrion;vacuole;vacuolar membrane;microtubule associated complex;endosome membrane;cytosolic large ribosomal subunit;endocytic vesicle membrane;neuron projection;neuronal cell body;myelin sheath;extracellular exosome	Cytoplasm;Isopeptide bond;Nucleus;Phosphoprotein;Repeat;Ubl conjugation;Ubl conjugation pathway;Zinc;Zinc-finger		GO:0000003;GO:0000902;GO:0004518;GO:0005576;GO:0005615;GO:0005618;GO:0005623;GO:0005634;GO:0005654;GO:0005737;GO:0005739;GO:0005768;GO:0005773;GO:0006464;GO:0006914;GO:0007034;GO:0007049;GO:0007267;GO:0007568;GO:0008219;GO:0009056;GO:0016023;GO:0030154;GO:0030705;GO:0042592;GO:0043226;GO:0048856;GO:0065003
g1058.t1 LLXI01000034.1_49556_55600	ubb	Polyubiquitin		GO:0000086;GO:0000122;GO:0000165;GO:0000187;GO:0000209;GO:0000715;GO:0000717;GO:0002223;GO:0002755;GO:0002756;GO:0005978;GO:0006283;GO:0006294;GO:0006296;GO:0006297;GO:0006366;GO:0006511;GO:0006513;GO:0006977;GO:0007141;GO:0007144;GO:0007179;GO:0007219;GO:0007249;GO:0007254;GO:0007623;GO:0008340;GO:0008543;GO:0008584;GO:0008585;GO:0009298;GO:0009735;GO:0009751;GO:0010224;GO:0010803;GO:0010939;GO:0010992;GO:0016055;GO:0016197;GO:0016236;GO:0016567;GO:0019058;GO:0019068;GO:0019985;GO:0021888;GO:0030437;GO:0030512;GO:0031145;GO:0031398;GO:0032479;GO:0032480;GO:0033209;GO:0033683;GO:0034220;GO:0035666;GO:0036297;GO:0038061;GO:0038095;GO:0038128;GO:0042059;GO:0042276;GO:0042769;GO:0042787;GO:0043065;GO:0043066;GO:0043123;GO:0043161;GO:0043488;GO:0044267;GO:0045087;GO:0045742;GO:0045944;GO:0047497;GO:0048812;GO:0050852;GO:0051092;GO:0051321;GO:0051403;GO:0051436;GO:0051437;GO:0051881;GO:0060071;GO:0060612;GO:0060613;GO:0061136;GO:0061418;GO:0070423;GO:0070911;GO:0070987;GO:0072520;GO:0075733;GO:0090090;GO:0090263;GO:0097009;GO:1901214;GO:1901796;GO:1902255;GO:1902527;GO:2000242	G2/M transition of mitotic cell cycle;negative regulation of transcription from RNA polymerase II promoter;MAPK cascade;activation of MAPK activity;protein polyubiquitination;nucleotide-excision repair, DNA damage recognition;nucleotide-excision repair, DNA duplex unwinding;stimulatory C-type lectin receptor signaling pathway;MyD88-dependent toll-like receptor signaling pathway;MyD88-independent toll-like receptor signaling pathway;glycogen biosynthetic process;transcription-coupled nucleotide-excision repair;nucleotide-excision repair, preincision complex assembly;nucleotide-excision repair, DNA incision, 5'-to lesion;nucleotide-excision repair, DNA gap filling;transcription from RNA polymerase II promoter;ubiquitin-dependent protein catabolic process;protein monoubiquitination;DNA damage response, signal transduction by p53 class mediator resulting in cell cycle arrest;male meiosis I;female meiosis I;transforming growth factor beta receptor signaling pathway;Notch signaling pathway;I-kappaB kinase/NF-kappaB signaling;JNK cascade;circadian rhythm;determination of adult lifespan;fibroblast growth factor receptor signaling pathway;male gonad development;female gonad development;GDP-mannose biosynthetic process;response to cytokinin;response to salicylic acid;response to UV-B;regulation of tumor necrosis factor-mediated signaling pathway;regulation of necrotic cell death;ubiquitin homeostasis;Wnt signaling pathway;endosomal transport;macroautophagy;protein ubiquitination;viral life cycle;virion assembly;translesion synthesis;hypothalamus gonadotrophin-releasing hormone neuron development;ascospore formation;negative regulation of transforming growth factor beta receptor signaling pathway;anaphase-promoting complex-dependent catabolic process;positive regulation of protein ubiquitination;regulation of type I interferon production;negative regulation of type I interferon production;tumor necrosis factor-mediated signaling pathway;nucleotide-excision repair, DNA incision;ion transmembrane transport;TRIF-dependent toll-like receptor signaling pathway;interstrand cross-link repair;NIK/NF-kappaB signaling;Fc-epsilon receptor signaling pathway;ERBB2 signaling pathway;negative regulation of epidermal growth factor receptor signaling pathway;error-prone translesion synthesis;DNA damage response, detection of DNA damage;protein ubiquitination involved in ubiquitin-dependent protein catabolic process;positive regulation of apoptotic process;negative regulation of apoptotic process;positive regulation of I-kappaB kinase/NF-kappaB signaling;proteasome-mediated ubiquitin-dependent protein catabolic process;regulation of mRNA stability;cellular protein metabolic process;innate immune response;positive regulation of epidermal growth factor receptor signaling pathway;positive regulation of transcription from RNA polymerase II promoter;mitochondrion transport along microtubule;neuron projection morphogenesis;T cell receptor signaling pathway;positive regulation of NF-kappaB transcription factor activity;meiotic cell cycle;stress-activated MAPK cascade;negative regulation of ubiquitin-protein ligase activity involved in mitotic cell cycle;positive regulation of ubiquitin-protein ligase activity involved in regulation of mitotic cell cycle transition;regulation of mitochondrial membrane potential;Wnt signaling pathway, planar cell polarity pathway;adipose tissue development;fat pad development;regulation of proteasomal protein catabolic process;regulation of transcription from RNA polymerase II promoter in response to hypoxia;nucleotide-binding oligomerization domain containing signaling pathway;global genome nucleotide-excision repair;error-free translesion synthesis;seminiferous tubule development;intracellular transport of virus;negative regulation of canonical Wnt signaling pathway;positive regulation of canonical Wnt signaling pathway;energy homeostasis;regulation of neuron death;regulation of signal transduction by p53 class mediator;positive regulation of intrinsic apoptotic signaling pathway by p53 class mediator;positive regulation of protein monoubiquitination;negative regulation of reproductive process	GO:0002020;GO:0004141;GO:0004531;GO:0004615;GO:0008270;GO:0016616;GO:0031386;GO:0043008;GO:0044822	protease binding;dethiobiotin synthase activity;deoxyribonuclease II activity;phosphomannomutase activity;zinc ion binding;oxidoreductase activity, acting on the CH-OH group of donors, NAD or NADP as acceptor;protein tag;ATP-dependent protein binding;poly(A) RNA binding	GO:0005615;GO:0005618;GO:0005634;GO:0005654;GO:0005730;GO:0005737;GO:0005739;GO:0005773;GO:0005774;GO:0005875;GO:0010008;GO:0022625;GO:0030666;GO:0043005;GO:0043025;GO:0043209;GO:0070062	extracellular space;cell wall;nucleus;nucleoplasm;nucleolus;cytoplasm;mitochondrion;vacuole;vacuolar membrane;microtubule associated complex;endosome membrane;cytosolic large ribosomal subunit;endocytic vesicle membrane;neuron projection;neuronal cell body;myelin sheath;extracellular exosome	Cytoplasm;Isopeptide bond;Nucleus;Phosphoprotein;Repeat;Ubl conjugation;Ubl conjugation pathway;Zinc;Zinc-finger		GO:0000003;GO:0000902;GO:0004518;GO:0005576;GO:0005615;GO:0005618;GO:0005623;GO:0005634;GO:0005737;GO:0005739;GO:0005768;GO:0005773;GO:0006464;GO:0006914;GO:0007034;GO:0007049;GO:0007267;GO:0007568;GO:0008219;GO:0009056;GO:0016023;GO:0030154;GO:0030705;GO:0042592;GO:0043226;GO:0048856;GO:0065003
g1398.t1 LLXI01000350.1_50936_57086	RirG_272170	Bck1p				GO:0005524;GO:0004672	ATP binding;protein kinase activity			ATP-binding;Coiled coil;Nucleotide-binding;Kinase		GO:0016301
g1399.t1 LLXI01000350.1_57123_58199		Ypk2p				GO:0004672;GO:0004713;GO:0005524	protein kinase activity;protein tyrosine kinase activity;ATP binding			Coiled coil;Kinase		GO:0016301
g1400.t1 LLXI01000350.1_63563_64627
g1401.t1 LLXI01000350.1_71442_73137	RirG_161690	Tpk2p				GO:0005524;GO:0004672	ATP binding;protein kinase activity			Kinase;Coiled coil		GO:0016301
g1860.t1 LLXI01000016.1_70516_76926		Cdc15p		GO:0007018;GO:0007264	microtubule-based movement;small GTPase mediated signal transduction	GO:0003777;GO:0004672;GO:0004713;GO:0005524;GO:0005525	microtubule motor activity;protein kinase activity;protein tyrosine kinase activity;ATP binding;GTP binding			ATP-binding;Coiled coil;GTP-binding;Kinase;Nucleotide-binding		GO:0016301
g2204.t1 LLXI01000184.1_128394_128945
g2205.t1 LLXI01000184.1_130128_130764		Polo kinase CDC5				GO:0004672;GO:0004674;GO:0005524	protein kinase activity;protein serine/threonine kinase activity;ATP binding			Kinase;Serine/threonine-protein kinase;Transferase		GO:0016301
g2903.t1 LLXI01000915.1_21303_24021								GO:0016021	integral component of membrane	Membrane;Signal;Transmembrane;Transmembrane helix		
g3027.t1 LLXI01000036.1_52803_54429
g3185.t1 LLXI01000169.1_84824_86252
g4912.t1 LLXI01000209.1_34003_34212
g5044.t1 LLXI01000315.1_98549_98830
g6411.t1 LLXI01000389.1_80087_88242	TIGD6	Tigger transposable element-derived protein 6				GO:0003677;GO:0003676	DNA binding;nucleic acid binding	GO:0016021	integral component of membrane	Transmembrane;Transmembrane helix;Membrane		GO:0003677
g6449.t1 LLXI01000453.1_19306_19920
g6450.t1 LLXI01000453.1_20032_22303
g6525.t1 LLXI01000208.1_61874_64444	RirG_133580					GO:0003676	nucleic acid binding			Coiled coil		
g6603.t1 LLXI01000311.1_62016_62996				GO:0006313;GO:0015074	transposition, DNA-mediated;DNA integration	GO:0003677	DNA binding	GO:0000228	nuclear chromosome			GO:0000228;GO:0003677;GO:0006259;GO:0032196
g6691.t1 LLXI01000129.1_74916_78620	RirG_035550	Flc2p						GO:0016021	integral component of membrane	Transmembrane helix;Membrane;Transmembrane		
g6848.t1 LLXI01000220.1_73813_77753						GO:0003676	nucleic acid binding	GO:0016021	integral component of membrane			
g7697.t1 LLXI01000199.1_66560_70502		Ypk2p				GO:0004672;GO:0005524	protein kinase activity;ATP binding			Coiled coil;Kinase		GO:0016301
g7843.t1 LLXI01001287.1_17148_18079
g8933.t1 LLXI01001040.1_45136_49160	RirG_230640	Pkh1p				GO:0004672;GO:0005524;GO:0003677	protein kinase activity;ATP binding;DNA binding			Coiled coil		GO:0003677;GO:0016301
g9282.t1 LLXI01000494.1_9561_16221		Polo kinase CDC5				GO:0004672;GO:0005524	protein kinase activity;ATP binding			Kinase;Transferase		GO:0016301
g9283.t1 LLXI01000494.1_17554_19938	RirG_110310	Polo kinase CDC5				GO:0004672;GO:0005524	protein kinase activity;ATP binding			Kinase;Transferase		GO:0016301
g9567.t1 LLXI01000380.1_34677_37062										Coiled coil		
g9568.t1 LLXI01000380.1_37101_38090										Coiled coil		
g10619.t1 LLXI01000941.1_52852_57833		Est2p				GO:0003677;GO:0003721;GO:0003964	DNA binding;telomerase RNA reverse transcriptase activity;RNA-directed DNA polymerase activity			Coiled coil		GO:0016779
g11173.t1 LLXI01000289.1_56589_58044				GO:0009405	pathogenesis							
g11881.t1 LLXI01000519.1_35325_37076
g12613.t1 LLXI01000347.1_33771_35782
g12998.t1 LLXI01001414.1_32153_33190
g12999.t1 LLXI01001414.1_33259_37954								GO:0016021	integral component of membrane	Coiled coil		
g13088.t1 LLXI01000659.1_10725_12410
g13836.t1 LLXI01000731.1_5927_6580	pol	Retrotransposon protein, putative, Ty3-gypsy subclass		GO:0015074	DNA integration	GO:0005044;GO:0004190;GO:0008270;GO:0003676;GO:0003964	scavenger receptor activity;aspartic-type endopeptidase activity;zinc ion binding;nucleic acid binding;RNA-directed DNA polymerase activity			RNA-directed DNA polymerase;Coiled coil;Nucleotidyltransferase;Zinc-finger;Metal-binding;Zinc;Transferase		GO:0006259;GO:0016779;GO:0043167;GO:0008233
g13837.t1 LLXI01000731.1_6727_7416	pol	Retrotransposon protein, putative, Ty3-gypsy subclass	3.4.23.-	GO:0015074	DNA integration	GO:0003676;GO:0003964;GO:0004190;GO:0008270	nucleic acid binding;RNA-directed DNA polymerase activity;aspartic-type endopeptidase activity;zinc ion binding			Coiled coil;Metal-binding;RNA-directed DNA polymerase;Zinc;Zinc-finger		GO:0006259;GO:0008233;GO:0043167
g13838.t1 LLXI01000731.1_7512_8731	pol	Gag-pol fusion protein		GO:0015074	DNA integration	GO:0003676;GO:0003964;GO:0004190;GO:0004519;GO:0008270	nucleic acid binding;RNA-directed DNA polymerase activity;aspartic-type endopeptidase activity;endonuclease activity;zinc ion binding	GO:0005634	nucleus	Coiled coil;Endonuclease;Nuclease;Nucleotidyltransferase;Nucleus;RNA-directed DNA polymerase;Zinc-finger		GO:0004518;GO:0005634;GO:0006259;GO:0008233
g13839.t1 LLXI01000731.1_9236_10797		Gag-pol fusion protein		GO:0015074	DNA integration	GO:0003676	nucleic acid binding			Coiled coil		GO:0006259
g14324.t1 LLXI01001767.1_32612_35591						GO:0003676;GO:0003677	nucleic acid binding;DNA binding					GO:0003677
g14499.t1 LLXI01000718.1_10721_16464	RirG_173250	Pho85p				GO:0005216	ion channel activity	GO:0016021	integral component of membrane	Ion transport;Transmembrane;Ion channel;Transport;Membrane;Transmembrane helix;Coiled coil		GO:0022857
g14706.t1 LLXI01000688.1_24657_27330	RirG_237750			GO:0006355	regulation of transcription, DNA-templated	GO:0008270;GO:0003676	zinc ion binding;nucleic acid binding					GO:0043167;GO:0009058;GO:0034641
g14737.t1 LLXI01001156.1_3718_5334								GO:0016021	integral component of membrane	Transmembrane;Transmembrane helix		
g15378.t1 LLXI01001010.1_2389_4706		Pdc2p				GO:0003676;GO:0003677	nucleic acid binding;DNA binding					GO:0003677
g15417.t1 LLXI01001316.1_17187_18298
g15418.t1 LLXI01001316.1_19573_20794
g15419.t1 LLXI01001316.1_26262_30323	RirG_096440	ATP-dependent DNA helicase	3.6.4.12	GO:0000723;GO:0006281;GO:0006310	telomere maintenance;DNA repair;DNA recombination	GO:0004386;GO:0003678;GO:0005524	helicase activity;DNA helicase activity;ATP binding			Nucleotide-binding;Helicase;ATP-binding;Hydrolase;DNA repair;DNA damage;DNA recombination		GO:0004386;GO:0006950;GO:0042592;GO:0006259;GO:0051276
g15589.t1 LLXI01000984.1_31331_34553								GO:0016021	integral component of membrane			
g15716.t1 LLXI01000632.1_20976_23715				GO:0006355	regulation of transcription, DNA-templated							GO:0009058;GO:0034641
g16634.t1 LLXI01000706.1_21167_22160		Kel1p						GO:0016021	integral component of membrane	Membrane;Signal;Transmembrane;Transmembrane helix		
g16635.t1 LLXI01000706.1_22680_22955
g16655.t1 LLXI01001131.1_13687_21181	RirG_182050	ATP-dependent DNA helicase	3.6.4.12	GO:0006310;GO:0006281;GO:0000723	DNA recombination;DNA repair;telomere maintenance	GO:0005524;GO:0003678;GO:0004386	ATP binding;DNA helicase activity;helicase activity			ATP-binding;Helicase;Nucleotide-binding;DNA damage;DNA recombination;Hydrolase;DNA repair		GO:0042592;GO:0006950;GO:0004386;GO:0051276;GO:0006259
g17201.t1 LLXI01000860.1_1_4082		Rad53p				GO:0004672;GO:0004713;GO:0005524	protein kinase activity;protein tyrosine kinase activity;ATP binding			Coiled coil;Kinase;Transferase		GO:0016301
g17202.t1 LLXI01000860.1_4762_6391		Rad53p				GO:0004672;GO:0004713;GO:0005524	protein kinase activity;protein tyrosine kinase activity;ATP binding			Coiled coil;Kinase		GO:0016301
g17203.t1 LLXI01000860.1_7765_8157
g17204.t1 LLXI01000860.1_15543_16295	RirG_043580							GO:0016021	integral component of membrane	Transmembrane;Membrane;Transmembrane helix		
g17594.t1 LLXI01001768.1_2681_7779				GO:0006355	regulation of transcription, DNA-templated							GO:0009058;GO:0034641
g17620.t1 LLXI01002437.1_18310_21891				GO:0006355	regulation of transcription, DNA-templated	GO:0003676;GO:0008270	nucleic acid binding;zinc ion binding			Signal		GO:0009058;GO:0034641;GO:0043167
g17970.t1 LLXI01001369.1_23225_25742				GO:0006355	regulation of transcription, DNA-templated	GO:0003676;GO:0008270	nucleic acid binding;zinc ion binding			Coiled coil		GO:0009058;GO:0034641;GO:0043167
g18741.t1 LLXI01001668.1_7964_11812	RirG_003390	Ypk2p				GO:0004672;GO:0005524	protein kinase activity;ATP binding			Kinase;Coiled coil		GO:0016301
g18768.t1 LLXI01002621.1_1098_12808				GO:0006397	mRNA processing			GO:0005685;GO:0005829	U1 snRNP;cytosol	Coiled coil		GO:0005634;GO:0005829;GO:0006397
g19267.t1 LLXI01002574.1_10045_10248
g19268.t1 LLXI01002574.1_11487_13418	RirG_119850	Cdc15p				GO:0004672;GO:0004713;GO:0005524	protein kinase activity;protein tyrosine kinase activity;ATP binding			Coiled coil		GO:0016301
g19269.t1 LLXI01002574.1_16004_16473
g19310.t1 LLXI01001046.1_2545_6503	RirG_225710	Rad53p				GO:0004672;GO:0005524	protein kinase activity;ATP binding			Kinase;Nucleotide-binding;Coiled coil;ATP-binding;Transferase		GO:0016301
g19316.t1 LLXI01002009.1_1966_2234		Env9p						GO:0016021	integral component of membrane			
g19317.t1 LLXI01002009.1_3832_4241		Cdc15p		GO:0007018	microtubule-based movement	GO:0003777;GO:0004672;GO:0005524	microtubule motor activity;protein kinase activity;ATP binding			ATP-binding;Coiled coil		GO:0016301
g19318.t1 LLXI01002009.1_4935_6182	RirG_266410	Env9p						GO:0016021	integral component of membrane	Transmembrane;Transmembrane helix;Membrane		
g19625.t1 LLXI01001754.1_11395_13603						GO:0003676;GO:0003677	nucleic acid binding;DNA binding			Coiled coil		GO:0003677
g19696.t1 LLXI01002135.1_3771_5817
g19697.t1 LLXI01002135.1_8218_9210
g19708.t1 LLXI01002196.1_11275_12059
g19986.t1 LLXI01001763.1_18320_19310
g20139.t1 LLXI01002297.1_1_14000						GO:0003676;GO:0004523	nucleic acid binding;RNA-DNA hybrid ribonuclease activity			Membrane;Transmembrane;Transmembrane helix		GO:0004518
g20685.t1 LLXI01001427.1_15044_18816						GO:0003676;GO:0003677	nucleic acid binding;DNA binding			Coiled coil		GO:0003677
g22067.t1 LLXI01002786.1_4150_4407
g22068.t1 LLXI01002786.1_4766_11565				GO:0006304	DNA modification	GO:0004519	endonuclease activity	GO:0016020	membrane			GO:0004518;GO:0006259
g22144.t1 LLXI01001958.1_12986_15347
g22236.t1 LLXI01002837.1_7642_9471
g22621.t1 LLXI01002524.1_6921_12259								GO:0016021	integral component of membrane	Membrane;Signal;Transmembrane;Transmembrane helix		
g22669.t1 LLXI01002233.1_13390_14361
g22684.t1 LLXI01003054.1_2811_3506
g22796.t1 LLXI01003249.1_1_6923										Signal		
g22881.t1 LLXI01003585.1_2404_7796						GO:0008270	zinc ion binding					GO:0043167
g22991.t1 LLXI01003100.1_10459_12365	RirG_210200	Cdc15p				GO:0005524;GO:0004672	ATP binding;protein kinase activity			ATP-binding;Kinase;Coiled coil;Nucleotide-binding;Transferase		GO:0016301
g23869.t1 LLXI01003012.1_1_4631
g24084.t1 LLXI01003440.1_4928_13178
g24272.t1 LLXI01004076.1_5847_7571	RirG_162290	Cdc15p				GO:0005524;GO:0004713;GO:0004672	ATP binding;protein tyrosine kinase activity;protein kinase activity			ATP-binding;Coiled coil;Nucleotide-binding		GO:0016301
g24309.t1 LLXI01003621.1_2445_5977								GO:0016021	integral component of membrane	Transmembrane;Transmembrane helix		
g24310.t1 LLXI01003621.1_7562_9069								GO:0016021	integral component of membrane	Membrane;Transmembrane;Transmembrane helix		
g24973.t1 LLXI01004611.1_1_317						GO:0046872	metal ion binding			Coiled coil		GO:0043167
g25039.t1 LLXI01002384.1_683_1029						GO:0003677	DNA binding					GO:0003677
g25040.t1 LLXI01002384.1_1200_5339								GO:0016021	integral component of membrane	Signal		
g25041.t1 LLXI01002384.1_5781_6422						GO:0003677	DNA binding					GO:0003677
g25042.t1 LLXI01002384.1_6805_7155
g25043.t1 LLXI01002384.1_7231_8358
g25052.t1 LLXI01002885.1_1_932
g25053.t1 LLXI01002885.1_3053_3382		Sgs1p		GO:0006260;GO:0006281;GO:0006310	DNA replication;DNA repair;DNA recombination	GO:0003676;GO:0005524;GO:0008026;GO:0043140	nucleic acid binding;ATP binding;ATP-dependent helicase activity;ATP-dependent 3'-5' DNA helicase activity			Coiled coil		GO:0004386;GO:0006259;GO:0016887
g25054.t1 LLXI01002885.1_3715_4089		Sgs1p		GO:0006310	DNA recombination	GO:0003676;GO:0005524;GO:0008026	nucleic acid binding;ATP binding;ATP-dependent helicase activity			Coiled coil		GO:0004386;GO:0006259;GO:0016887
g25055.t1 LLXI01002885.1_4132_7446		Sgs1p		GO:0006260;GO:0006281;GO:0006310	DNA replication;DNA repair;DNA recombination	GO:0003676;GO:0005524;GO:0008026;GO:0043140	nucleic acid binding;ATP binding;ATP-dependent helicase activity;ATP-dependent 3'-5' DNA helicase activity			Coiled coil		GO:0004386;GO:0006259;GO:0006950;GO:0016887
