#Annotation summary
Number of query sequences:	115
With Annotations	77
With GENENAME	23
With DESCRIPTION	39
With ENZYME	3
With GO	72
With KEYWORD	60
With PATHWAY	1
Annotator a1	0
Annotator a2	0
Annotator a3	56
Annotator a12	0
Annotator a123	21

#GO Slim
#Category "Molecular function"
GO:0016301	kinase activity	18
GO:0043167	ion binding	14
GO:0003677	DNA binding	10
GO:0004386	helicase activity	5
GO:0003723	RNA binding	5
GO:0004518	nuclease activity	4
GO:0016887	ATPase activity	3
GO:0016779	nucleotidyltransferase activity	2
GO:0016491	oxidoreductase activity	2
GO:0008168	methyltransferase activity	2
GO:0008233	peptidase activity	1

#Category "Biological process"
GO:0006259	DNA metabolic process	8
GO:0034641	cellular nitrogen compound metabolic process	7
GO:0009058	biosynthetic process	7
GO:0042592	homeostatic process	4
GO:0006950	response to stress	3
GO:0007034	vacuolar transport	2
GO:0065003	macromolecular complex assembly	2
GO:0006464	cellular protein modification process	2
GO:0006914	autophagy	2
GO:0007267	cell-cell signaling	2
GO:0030705	cytoskeleton-dependent intracellular transport	2
GO:0000003	reproduction	2
GO:0007568	aging	2
GO:0007049	cell cycle	2
GO:0000902	cell morphogenesis	2
GO:0009056	catabolic process	2
GO:0030154	cell differentiation	2
GO:0051276	chromosome organization	2
GO:0048856	anatomical structure development	2
GO:0008219	cell death	2
GO:0006397	mRNA processing	1
GO:0044281	small molecule metabolic process	1
GO:0032196	transposition	1

#Category "Cellular component"
GO:0043226	organelle	3
GO:0005739	mitochondrion	3
GO:0005634	nucleus	3
GO:0005768	endosome	2
GO:0005737	cytoplasm	2
GO:0016023	cytoplasmic, membrane-bounded vesicle	2
GO:0005773	vacuole	2
GO:0005623	cell	2
GO:0005615	extracellular space	2
GO:0005576	extracellular region	2
GO:0005618	cell wall	2
GO:0000228	nuclear chromosome	1
GO:0005654	nucleoplasm	1
GO:0005829	cytosol	1

#UniProt Pathways
Purine metabolism	1

#UniProt Keyword categories
#Category "Biological_process"
DNA damage	2
Ubl conjugation pathway	2
DNA recombination	2
Nucleotide biosynthesis	1

#Category "Cellular_component"
Membrane	12
Nucleus	2
Cytoplasm	2
Mitochondrion	1

