#ID	GENENAME	DESCRIPTION	ENZYME	GO(P)ID	GO(P)NAME	GO(F)ID	GO(F)NAME	GO(C)ID	GO(C)NAME	KEYWORD	PATHWAY	GOSLIM
g598.t1 LLXJ01000006.1_1999_2981		E2 ubiquitin-conjugating protein UBC5				GO:0003676	nucleic acid binding			Coiled coil;Ubl conjugation pathway		GO:0003677
g599.t1 LLXJ01000006.1_3006_4225						GO:0003676	nucleic acid binding					
g748.t1 LLXJ01000102.1_90668_90883
g2779.t1 LLXJ01000015.1_46582_48201
g3040.t1 LLXJ01000173.1_94136_98576
g3745.t1 LLXJ01000485.1_3652_4650	RirG_207040			GO:0006313;GO:0015074	transposition, DNA-mediated;DNA integration	GO:0003677	DNA binding					GO:0003677;GO:0006259;GO:0032196
g4718.t1 LLXJ01000414.1_62737_67799						GO:0003676	nucleic acid binding			Coiled coil		
g5282.t1 LLXJ01000145.1_1_5314	RirG_174490							GO:0016021	integral component of membrane	Signal;Transmembrane;Transmembrane helix;Membrane		
g5283.t1 LLXJ01000145.1_5857_10721								GO:0016021	integral component of membrane	Membrane;Signal;Transmembrane;Transmembrane helix		
g5514.t1 LLXJ01000155.1_76188_86872	RirG_236220	Ste20p		GO:0007169	transmembrane receptor protein tyrosine kinase signaling pathway	GO:0005524;GO:0004672;GO:0004714	ATP binding;protein kinase activity;transmembrane receptor protein tyrosine kinase activity			Coiled coil		GO:0016301
g5984.t1 LLXJ01000162.1_50843_55272
g5985.t1 LLXJ01000162.1_57897_58112
g6384.t1 LLXJ01000647.1_11157_11363						GO:0003676	nucleic acid binding			Coiled coil		
g6951.t1 LLXJ01001052.1_44092_48675		Pmt1p				GO:0004169	dolichyl-phosphate-mannose-protein mannosyltransferase activity	GO:0016020	membrane	Membrane;Transmembrane;Transmembrane helix		GO:0016757
g7961.t1 LLXJ01000195.1_20090_20835
g8057.t1 LLXJ01000235.1_20007_24145
g8186.t1 LLXJ01001197.1_1_5099		Transposable element Tc1 transposase		GO:0006313;GO:0015074	transposition, DNA-mediated;DNA integration	GO:0003677;GO:0004190	DNA binding;aspartic-type endopeptidase activity					GO:0003677;GO:0006259;GO:0032196
g8192.t1 LLXJ01001197.1_31107_33560		Isoleucine--tRNA ligase ISM1		GO:0006418;GO:0006428	tRNA aminoacylation for protein translation;isoleucyl-tRNA aminoacylation	GO:0002161;GO:0004812;GO:0004822;GO:0005524	aminoacyl-tRNA editing activity;aminoacyl-tRNA ligase activity;isoleucine-tRNA ligase activity;ATP binding	GO:0005737	cytoplasm	Aminoacyl-tRNA synthetase;Ligase;Protein biosynthesis		GO:0005737;GO:0006399;GO:0006412;GO:0006520;GO:0016874
g8351.t1 LLXJ01001191.1_44720_46306		Vps21p		GO:0007264	small GTPase mediated signal transduction	GO:0003723;GO:0005525;GO:0008270	RNA binding;GTP binding;zinc ion binding			Coiled coil;Metal-binding;Zinc;Zinc-finger		GO:0003723;GO:0043167
g8352.t1 LLXJ01001191.1_47998_50681		Vps21p		GO:0007264	small GTPase mediated signal transduction	GO:0003723;GO:0005525;GO:0008270	RNA binding;GTP binding;zinc ion binding			Metal-binding;Zinc;Zinc-finger		GO:0003723;GO:0043167
g8353.t1 LLXJ01001191.1_52600_55218		Cdc15p				GO:0004672;GO:0004713;GO:0005524	protein kinase activity;protein tyrosine kinase activity;ATP binding			Coiled coil		GO:0016301
g8383.t1 LLXJ01000259.1_62595_68741										Coiled coil		
g8669.t1 LLXJ01000369.1_61413_62441	RF55_22434	Transposable element tcb1 transposase		GO:0015074;GO:0006313;GO:0032502	DNA integration;transposition, DNA-mediated;developmental process	GO:0004190;GO:0003677	aspartic-type endopeptidase activity;DNA binding					GO:0003677;GO:0032196;GO:0006259
g8670.t1 LLXJ01000369.1_62567_65586						GO:0001227;GO:0003676;GO:0003690	transcriptional repressor activity, RNA polymerase II transcription regulatory region sequence-specific binding;nucleic acid binding;double-stranded DNA binding	GO:0005634	nucleus			GO:0001071;GO:0003677;GO:0005634
g8890.t1 LLXJ01000528.1_60554_64910	RirG_103650	Ste7p				GO:0004672;GO:0005524;GO:0004713	protein kinase activity;ATP binding;protein tyrosine kinase activity			Kinase;TPR repeat;Tyrosine-protein kinase;ATP-binding;Repeat;Nucleotide-binding		GO:0016301
g9038.t1 LLXJ01000555.1_45047_49971		Tpk3p				GO:0004672;GO:0004713;GO:0005524;GO:0005525	protein kinase activity;protein tyrosine kinase activity;ATP binding;GTP binding			ATP-binding;Kinase;Nucleotide-binding;Repeat;TPR repeat;Tyrosine-protein kinase		GO:0016301
g9130.t1 LLXJ01000397.1_48678_50790						GO:0005216	ion channel activity	GO:0016021	integral component of membrane	Coiled coil;Ion channel;Ion transport;Membrane;Transmembrane;Transmembrane helix;Transport		GO:0022857
g9854.t1 LLXJ01000596.1_15261_27926						GO:0005524;GO:0016887;GO:0030246;GO:2001070	ATP binding;ATPase activity;carbohydrate binding;starch binding			Coiled coil;Signal		GO:0016887
g9868.t1 LLXJ01000683.1_31825_33162										Coiled coil		
g10662.t1 LLXJ01001484.1_28957_30823	RirG_054430	Cmk1p				GO:0005524;GO:0004713;GO:0004672	ATP binding;protein tyrosine kinase activity;protein kinase activity			Transferase;Kinase;Coiled coil		GO:0016301
g10737.t1 LLXJ01000377.1_3967_9221	lidL	Skt5p	3.5.2.6			GO:0004672;GO:0004713;GO:0005524;GO:0008800	protein kinase activity;protein tyrosine kinase activity;ATP binding;beta-lactamase activity			Coiled coil;Hydrolase;Signal		GO:0016301;GO:0016810
g10988.t1 LLXJ01001086.1_37539_38533						GO:0003676;GO:0008270	nucleic acid binding;zinc ion binding					GO:0043167
g10989.t1 LLXJ01001086.1_38981_39196				GO:0006355	regulation of transcription, DNA-templated	GO:0008270	zinc ion binding					
g10990.t1 LLXJ01001086.1_39314_40714				GO:0006355	regulation of transcription, DNA-templated	GO:0008270	zinc ion binding					GO:0009058;GO:0034641
g11222.t1 LLXJ01001379.1_19487_20974						GO:0001227;GO:0003676;GO:0003690	transcriptional repressor activity, RNA polymerase II transcription regulatory region sequence-specific binding;nucleic acid binding;double-stranded DNA binding	GO:0005634	nucleus			GO:0001071;GO:0005634
g11315.t1 LLXJ01000674.1_11501_12856						GO:0003676;GO:0004523	nucleic acid binding;RNA-DNA hybrid ribonuclease activity					GO:0004518
g12017.t1 LLXJ01000929.1_16073_18053
g12080.t1 LLXJ01000926.1_38705_41270				GO:0006310;GO:0015074	DNA recombination;DNA integration	GO:0003677	DNA binding					GO:0003677;GO:0006259
g12699.t1 LLXJ01000760.1_23464_24693
g12700.t1 LLXJ01000760.1_25816_26566
g12766.t1 LLXJ01000593.1_8979_10397	RirG_122110	Transposable element Tc1 transposase		GO:0015074;GO:0006313	DNA integration;transposition, DNA-mediated	GO:0003677	DNA binding					GO:0006259;GO:0032196;GO:0003677
g12840.t1 LLXJ01000551.1_12938_14388	GLOINDRAFT_18560							GO:0016021	integral component of membrane	Membrane;Transmembrane;Transmembrane helix		
g12955.t1 LLXJ01001834.1_17408_19031						GO:0003676	nucleic acid binding					
g13126.t1 LLXJ01000644.1_30119_33054
g13672.t1 LLXJ01000716.1_6358_6984				GO:0006310;GO:0015074	DNA recombination;DNA integration	GO:0003677	DNA binding			Coiled coil		GO:0003677;GO:0006259
g13739.t1 LLXJ01001006.1_16268_16723	tn6	Related to transposase-Wolbachia endosymbiont of Drosophila ananassae		GO:0006313;GO:0015074	transposition, DNA-mediated;DNA integration	GO:0003677;GO:0004190	DNA binding;aspartic-type endopeptidase activity			Nucleus;Signal		GO:0003677;GO:0006259;GO:0032196
g13740.t1 LLXJ01001006.1_16755_17285				GO:0006313;GO:0015074	transposition, DNA-mediated;DNA integration	GO:0003677	DNA binding					GO:0003677;GO:0006259;GO:0032196
g13753.t1 LLXJ01000817.1_5516_7119	RirG_080380	Cdc15p				GO:0005524;GO:0004672	ATP binding;protein kinase activity			Nucleotide-binding;Transferase;Kinase;ATP-binding		GO:0016301
g13887.t1 LLXJ01001334.1_28964_30401		Vps21p		GO:0007264	small GTPase mediated signal transduction	GO:0003723;GO:0005525;GO:0008270	RNA binding;GTP binding;zinc ion binding			Coiled coil;Metal-binding;Zinc;Zinc-finger		GO:0003723;GO:0043167
g13888.t1 LLXJ01001334.1_31965_33469		Vps21p		GO:0007264	small GTPase mediated signal transduction	GO:0003723;GO:0005525;GO:0008270	RNA binding;GTP binding;zinc ion binding			Coiled coil;Metal-binding;Zinc;Zinc-finger		GO:0003723;GO:0043167
g13892.t1 LLXJ01001112.1_7719_9191
g14178.t1 LLXJ01000676.1_13825_15385
g14179.t1 LLXJ01000676.1_15707_19223										Coiled coil		
g14939.t1 LLXJ01001324.1_9946_10413
g15070.t1 LLXJ01001844.1_16824_17768	tc1a	Transposable element Tc1 transposase		GO:0015074;GO:0043044;GO:0032502;GO:0006313	DNA integration;ATP-dependent chromatin remodeling;developmental process;transposition, DNA-mediated	GO:0003677;GO:0004519;GO:0016747	DNA binding;endonuclease activity;transferase activity, transferring acyl groups other than amino-acyl groups	GO:0005634;GO:0016514	nucleus;SWI/SNF complex	Hydrolase;Nuclease;Nucleus;DNA-binding;Transposable element;DNA integration;DNA recombination;Endonuclease		GO:0003677;GO:0032196;GO:0006259;GO:0005634;GO:0004518
g15364.t1 LLXJ01001738.1_30455_30770
g15645.t1 LLXJ01001287.1_28272_29421						GO:0016491;GO:0071949	oxidoreductase activity;FAD binding	GO:0016021	integral component of membrane	Membrane;Transmembrane;Transmembrane helix		GO:0016491
g15646.t1 LLXJ01001287.1_32230_33565						GO:0016491;GO:0071949	oxidoreductase activity;FAD binding	GO:0016021	integral component of membrane	Membrane;Transmembrane;Transmembrane helix		GO:0016491
g16316.t1 LLXJ01002319.1_28546_29073										Coiled coil		
g16348.t1 LLXJ01001217.1_21128_27057	lidL	Skt5p	3.5.2.6	GO:0006303	double-strand break repair via nonhomologous end joining	GO:0004672;GO:0004677;GO:0005524;GO:0008800	protein kinase activity;DNA-dependent protein kinase activity;ATP binding;beta-lactamase activity			Coiled coil;Signal		GO:0016301
g16899.t1 LLXJ01002311.1_26759_27214
g17090.t1 LLXJ01001482.1_19281_20261				GO:0006313;GO:0015074	transposition, DNA-mediated;DNA integration	GO:0003677	DNA binding	GO:0000228	nuclear chromosome			GO:0000228;GO:0003677;GO:0006259;GO:0032196
g17153.t1 LLXJ01002869.1_5477_7259
g17236.t1 LLXJ01001175.1_4327_4947						GO:0003676;GO:0004523	nucleic acid binding;RNA-DNA hybrid ribonuclease activity					GO:0004518
g17363.t1 LLXJ01000874.1_25858_28139
g17929.t1 LLXJ01002144.1_4367_6441
g18629.t1 LLXJ01002514.1_17561_18016	tn6	Related to transposase-Wolbachia endosymbiont of Drosophila ananassae		GO:0006313;GO:0015074	transposition, DNA-mediated;DNA integration	GO:0004190;GO:0004553;GO:0003677	aspartic-type endopeptidase activity;hydrolase activity, hydrolyzing O-glycosyl compounds;DNA binding			Signal;Nucleus		GO:0032196;GO:0016798;GO:0006259;GO:0003677
g18942.t1 LLXJ01003354.1_16797_18737								GO:0016021	integral component of membrane	Membrane;Transmembrane;Transmembrane helix		GO:0003677
g18943.t1 LLXJ01003354.1_18834_20210
g18998.t1 LLXJ01001148.1_1_1563						GO:0008270	zinc ion binding					GO:0043167
g19469.t1 LLXJ01001980.1_12078_13703										Coiled coil		
g19470.t1 LLXJ01001980.1_13982_17088								GO:0016021	integral component of membrane			
g19471.t1 LLXJ01001980.1_17490_17963	RirG_169750					GO:0003676;GO:0008270	nucleic acid binding;zinc ion binding					GO:0043167
g19472.t1 LLXJ01001980.1_19294_19645
g19561.t1 LLXJ01002073.1_15609_16169
g19587.t1 LLXJ01001623.1_8484_14498						GO:0003676;GO:0004523	nucleic acid binding;RNA-DNA hybrid ribonuclease activity			Signal		GO:0004518
g19588.t1 LLXJ01001623.1_14564_16915
g19662.t1 LLXJ01001586.1_10054_10473	hspB	Heat shock protein 70	6.2.1.5;1.3.1.74;3.6.1.3	GO:0050832;GO:0090332;GO:0010187;GO:0009617;GO:0009409;GO:0006616;GO:0046686;GO:0006457;GO:0042742;GO:0009615;GO:0098542;GO:0009408	defense response to fungus;stomatal closure;negative regulation of seed germination;response to bacterium;response to cold;SRP-dependent cotranslational protein targeting to membrane, translocation;response to cadmium ion;protein folding;defense response to bacterium;response to virus;defense response to other organism;response to heat	GO:0048037;GO:0005524;GO:0002020;GO:0004775;GO:0032440	cofactor binding;ATP binding;protease binding;succinate-CoA ligase (ADP-forming) activity;2-alkenal reductase [NAD(P)] activity	GO:0005618;GO:0009506;GO:0045335;GO:0005794;GO:0009941;GO:0005774;GO:0022626;GO:0048046;GO:0009507;GO:0031982;GO:0005829	cell wall;plasmodesma;phagocytic vesicle;Golgi apparatus;chloroplast envelope;vacuolar membrane;cytosolic ribosome;apoplast;chloroplast;vesicle;cytosol	Ubl conjugation;Nucleomorph;ATP-binding;Plant defense;Nucleotide-binding;Isopeptide bond;Coiled coil;Stress response;Chaperone		GO:0006457;GO:0016023;GO:0005829;GO:0005794;GO:0055085;GO:0061024;GO:0006605;GO:0044403;GO:0019899;GO:0009536;GO:0006950;GO:0005634;GO:0005773;GO:0005618
g19759.t1 LLXJ01002980.1_3719_6437						GO:0003676	nucleic acid binding			Coiled coil		
g19815.t1 LLXJ01002325.1_1_11934
g19970.t1 LLXJ01002438.1_1_19118	yakc	Cdc15p	1.-.-.-;1.1.1.-;1.1.1.65			GO:0004033;GO:0004672;GO:0004713;GO:0005524;GO:0016491;GO:0050235;GO:0050236	aldo-keto reductase (NADP) activity;protein kinase activity;protein tyrosine kinase activity;ATP binding;oxidoreductase activity;pyridoxal 4-dehydrogenase activity;pyridoxine	GO:0005829	cytosol	ATP-binding;Nucleotide-binding;Oxidoreductase;Tyrosine-protein kinase		GO:0005829;GO:0016301;GO:0016491
g20714.t1 LLXJ01001996.1_5872_7155		Est2p				GO:0003677;GO:0003721;GO:0003964	DNA binding;telomerase RNA reverse transcriptase activity;RNA-directed DNA polymerase activity			Coiled coil		GO:0016779
g20715.t1 LLXJ01001996.1_7527_12257	RirG_182420	Sgs1p		GO:0006310	DNA recombination	GO:0005524;GO:0008026;GO:0003676	ATP binding;ATP-dependent helicase activity;nucleic acid binding			Coiled coil		GO:0006259;GO:0004386;GO:0016887
g20716.t1 LLXJ01001996.1_12510_14723
g20850.t1 LLXJ01002672.1_6095_7220		Polo kinase CDC5				GO:0004672;GO:0005524	protein kinase activity;ATP binding			Kinase;Transferase		GO:0016301
g20851.t1 LLXJ01002672.1_7283_8441	RirG_223150	Tpk2p				GO:0005524;GO:0004672	ATP binding;protein kinase activity			Kinase;Transferase		GO:0016301
g20852.t1 LLXJ01002672.1_10135_11200
g20853.t1 LLXJ01002672.1_13246_15975
g20854.t1 LLXJ01002672.1_16078_16371
g21135.t1 LLXJ01003394.1_10336_16110		Mkk2p				GO:0004672;GO:0005524	protein kinase activity;ATP binding			Kinase		GO:0016301
g21149.t1 LLXJ01001563.1_381_746	RirG_266990					GO:0003677	DNA binding					GO:0003677
g21150.t1 LLXJ01001563.1_1157_3176
g21340.t1 LLXJ01001936.1_3022_3969	RirG_125140	ATP-dependent DNA helicase	3.6.4.12	GO:0006281;GO:0000723;GO:0006310	DNA repair;telomere maintenance;DNA recombination	GO:0005524;GO:0003678;GO:0004386	ATP binding;DNA helicase activity;helicase activity			Hydrolase;DNA repair;Helicase;DNA damage;Nucleotide-binding;ATP-binding;DNA recombination		GO:0051276;GO:0006259;GO:0042592;GO:0006950;GO:0004386
g21341.t1 LLXJ01001936.1_4192_5691		ATP-dependent DNA helicase	3.6.4.12	GO:0000723;GO:0006281;GO:0006310	telomere maintenance;DNA repair;DNA recombination	GO:0003678;GO:0005524	DNA helicase activity;ATP binding			ATP-binding;DNA damage;DNA recombination;DNA repair;Helicase;Hydrolase;Nucleotide-binding		GO:0004386;GO:0006259;GO:0006950;GO:0042592;GO:0051276
g21342.t1 LLXJ01001936.1_6213_7115		ATP-dependent DNA helicase	3.6.4.12	GO:0000723;GO:0006281;GO:0006310	telomere maintenance;DNA repair;DNA recombination	GO:0003678	DNA helicase activity			DNA damage;DNA recombination;DNA repair;Helicase		GO:0004386;GO:0006259;GO:0006950;GO:0042592;GO:0051276
g21343.t1 LLXJ01001936.1_7739_8712
g21387.t1 LLXJ01003257.1_8887_10757				GO:0015074	DNA integration	GO:0003676	nucleic acid binding					GO:0006259
g21431.t1 LLXJ01002742.1_2806_3321								GO:0016021	integral component of membrane			
g21432.t1 LLXJ01002742.1_3370_5714								GO:0016021	integral component of membrane	Coiled coil;Membrane;Transmembrane;Transmembrane helix		GO:0003677
g21499.t1 LLXJ01001884.1_1_12357
g21570.t1 LLXJ01003960.1_5547_6988
g21676.t1 LLXJ01004942.1_7827_12372	RirG_097750	Sps1p				GO:0004713;GO:0004672;GO:0005524	protein tyrosine kinase activity;protein kinase activity;ATP binding			Kinase;Transferase;Coiled coil		GO:0016301
g21687.t1 LLXJ01002755.1_1_5012				GO:0006355	regulation of transcription, DNA-templated	GO:0008270	zinc ion binding					GO:0009058;GO:0034641;GO:0043167
g21768.t1 LLXJ01001851.1_6411_9880				GO:0006355	regulation of transcription, DNA-templated	GO:0008270	zinc ion binding					GO:0009058;GO:0034641;GO:0043167
g21815.t1 LLXJ01001926.1_7529_8983	GLOINDRAFT_321725									Coiled coil		
g21899.t1 LLXJ01003766.1_2538_3438	RirG_076910	Aim2p				GO:0016787	hydrolase activity					
g22175.t1 LLXJ01002035.1_11438_11776	RirG_005120					GO:0001227;GO:0003676;GO:0003690	transcriptional repressor activity, RNA polymerase II transcription regulatory region sequence-specific binding;nucleic acid binding;double-stranded DNA binding	GO:0005634	nucleus			GO:0001071;GO:0005634
g22285.t1 LLXJ01002254.1_7689_8192						GO:0003676;GO:0004523	nucleic acid binding;RNA-DNA hybrid ribonuclease activity					GO:0004518
g22286.t1 LLXJ01002254.1_8471_8950	RirG_129550					GO:0004523;GO:0003676	RNA-DNA hybrid ribonuclease activity;nucleic acid binding	GO:0016021	integral component of membrane	Membrane;Transmembrane helix;Transmembrane		GO:0004518
g22303.t1 LLXJ01003772.1_5397_7180										Coiled coil		
g22388.t1 LLXJ01003607.1_9399_9644
g22422.t1 LLXJ01003832.1_2429_7127	pol	Retrovirus-related Pol polyprotein from transposon 17.6	2.7.7.49	GO:0015074	DNA integration	GO:0004190;GO:0008270;GO:0004519;GO:0005044;GO:0003676;GO:0003964	aspartic-type endopeptidase activity;zinc ion binding;endonuclease activity;scavenger receptor activity;nucleic acid binding;RNA-directed DNA polymerase activity			Nuclease;Hydrolase;Metal-binding;Endonuclease;RNA-directed DNA polymerase;Zinc-finger;Nucleotidyltransferase;Coiled coil;Zinc		GO:0008233;GO:0043167;GO:0016779;GO:0004518;GO:0006259
g22491.t1 LLXJ01001914.1_1_1864						GO:0003676;GO:0003677	nucleic acid binding;DNA binding					GO:0003677
g22492.t1 LLXJ01001914.1_2044_9830
g22601.t1 LLXJ01003763.1_1_3599						GO:0046872	metal ion binding					GO:0043167
g23085.t1 LLXJ01002111.1_3384_3632						GO:0046872	metal ion binding			Coiled coil		GO:0043167
g23086.t1 LLXJ01002111.1_3795_4954						GO:0046872	metal ion binding			Coiled coil		GO:0043167
g23087.t1 LLXJ01002111.1_5214_6964						GO:0003950	NAD+ ADP-ribosyltransferase activity			Coiled coil		GO:0016757
g23200.t1 LLXJ01002729.1_4373_5101						GO:0003676;GO:0004523	nucleic acid binding;RNA-DNA hybrid ribonuclease activity					GO:0004518
g23241.t1 LLXJ01002189.1_1560_2044
