#Annotation summary
Number of query sequences:	120
With Annotations	85
With GENENAME	27
With DESCRIPTION	34
With ENZYME	8
With GO	78
With KEYWORD	55
With PATHWAY	0
Annotator a1	0
Annotator a2	0
Annotator a3	62
Annotator a12	1
Annotator a123	22

#GO Slim
#Category "Biological process"
GO:0006259	DNA metabolic process	17
GO:0032196	transposition	9
GO:0006950	response to stress	4
GO:0009058	biosynthetic process	3
GO:0034641	cellular nitrogen compound metabolic process	3
GO:0051276	chromosome organization	3
GO:0042592	homeostatic process	3
GO:0006412	translation	1
GO:0006520	cellular amino acid metabolic process	1
GO:0006457	protein folding	1
GO:0044403	symbiosis, encompassing mutualism through parasitism	1
GO:0055085	transmembrane transport	1
GO:0061024	membrane organization	1
GO:0006605	protein targeting	1
GO:0006399	tRNA metabolic process	1

#Category "Molecular function"
GO:0003677	DNA binding	17
GO:0016301	kinase activity	13
GO:0043167	ion binding	13
GO:0004518	nuclease activity	8
GO:0003723	RNA binding	4
GO:0004386	helicase activity	4
GO:0001071	nucleic acid binding transcription factor activity	3
GO:0016491	oxidoreductase activity	3
GO:0016779	nucleotidyltransferase activity	2
GO:0016757	transferase activity, transferring glycosyl groups	2
GO:0016887	ATPase activity	2
GO:0016810	hydrolase activity, acting on carbon-nitrogen (but not peptide) bonds	1
GO:0016874	ligase activity	1
GO:0016798	hydrolase activity, acting on glycosyl bonds	1
GO:0022857	transmembrane transporter activity	1
GO:0019899	enzyme binding	1
GO:0008233	peptidase activity	1

#Category "Cellular component"
GO:0005634	nucleus	5
GO:0005829	cytosol	2
GO:0000228	nuclear chromosome	1
GO:0009536	plastid	1
GO:0016023	cytoplasmic, membrane-bounded vesicle	1
GO:0005737	cytoplasm	1
GO:0005618	cell wall	1
GO:0005773	vacuole	1
GO:0005794	Golgi apparatus	1

#UniProt Keyword categories
#Category "Biological_process"
DNA recombination	4
DNA damage	3
Protein biosynthesis	1
Ubl conjugation pathway	1
Plant defense	1
Stress response	1
DNA integration	1
Transport	1

#Category "Cellular_component"
Membrane	10
Nucleus	3
Nucleomorph	1

