#ID	GENENAME	DESCRIPTION	ENZYME	GO(P)ID	GO(P)NAME	GO(F)ID	GO(F)NAME	GO(C)ID	GO(C)NAME	KEYWORD	PATHWAY	GOSLIM
g773.t1 LLXK01000067.1_70091_75596
g810.t1 LLXK01000072.1_63169_67025	RF55_22434	Transposable element tcb1 transposase		GO:0043044;GO:0015074;GO:0006313	ATP-dependent chromatin remodeling;DNA integration;transposition, DNA-mediated	GO:0003677	DNA binding	GO:0016514	SWI/SNF complex			GO:0032196;GO:0003677;GO:0006259
g907.t1 LLXK01000062.1_129964_134115	RirG_174490							GO:0016021	integral component of membrane	Membrane;Signal;Transmembrane;Transmembrane helix		
g908.t1 LLXK01000062.1_134658_139648								GO:0016021	integral component of membrane	Membrane;Signal;Transmembrane;Transmembrane helix		
g2507.t1 LLXK01000240.1_5085_5712		Tif4631p				GO:0003723;GO:0008270	RNA binding;zinc ion binding			Metal-binding;Zinc;Zinc-finger		GO:0003723;GO:0043167
g4604.t1 LLXK01000050.1_23791_24538
g4869.t1 LLXK01000495.1_102414_105171						GO:0004672	protein kinase activity	GO:0016021	integral component of membrane			GO:0016301
g5157.t1 LLXK01000733.1_93317_95846	RirG_024540					GO:0003676	nucleic acid binding					
g5158.t1 LLXK01000733.1_96366_97046						GO:0046872	metal ion binding					GO:0043167
g5883.t1 LLXK01000518.1_87154_90585								GO:0016021	integral component of membrane	Membrane;Transmembrane;Transmembrane helix		
g5884.t1 LLXK01000518.1_91748_93610
g6157.t1 LLXK01000912.1_54182_56188	GIN1	Gag-pol fusion protein		GO:0015074	DNA integration	GO:0004190;GO:0003676	aspartic-type endopeptidase activity;nucleic acid binding			Coiled coil		GO:0006259
g7637.t1 LLXK01000166.1_70071_79854
g8757.t1 LLXK01000790.1_16860_17387	RirG_117190							GO:0016021	integral component of membrane	Transmembrane;Transmembrane helix;Membrane		
g8813.t1 LLXK01000272.1_68800_75679	RirG_145350	Cmk1p				GO:0004672;GO:0005524;GO:0004713	protein kinase activity;ATP binding;protein tyrosine kinase activity			Coiled coil;Transferase;Kinase		GO:0016301
g11057.t1 LLXK01000332.1_52108_52971	RirG_120630	Skt5p				GO:0004713;GO:0005524;GO:0004842;GO:0004672	protein tyrosine kinase activity;ATP binding;ubiquitin-protein transferase activity;protein kinase activity			ATP-binding;Nucleotide-binding;Coiled coil		GO:0016301
g11058.t1 LLXK01000332.1_58738_61267	RirG_135250	Cdc15p				GO:0004713;GO:0005524;GO:0004672	protein tyrosine kinase activity;ATP binding;protein kinase activity			ATP-binding;Nucleotide-binding;Coiled coil		GO:0016301
g11489.t1 LLXK01000467.1_41544_53454		Mkk2p				GO:0004672;GO:0005524	protein kinase activity;ATP binding			Kinase		GO:0016301
g11582.t1 LLXK01001049.1_43144_44909						GO:0003676;GO:0004190;GO:0008270	nucleic acid binding;aspartic-type endopeptidase activity;zinc ion binding			Coiled coil		GO:0008233;GO:0043167
g11583.t1 LLXK01001049.1_46714_47065
g11584.t1 LLXK01001049.1_48485_48958	RirG_169750					GO:0003676;GO:0008270	nucleic acid binding;zinc ion binding					GO:0043167
g11585.t1 LLXK01001049.1_49360_52355								GO:0016021	integral component of membrane			
g11586.t1 LLXK01001049.1_52745_54370										Coiled coil		
g11795.t1 LLXK01000494.1_53541_53876
g11817.t1 LLXK01000773.1_10261_10692
g14006.t1 LLXK01000535.1_39902_40426
g14302.t1 LLXK01000827.1_31395_35756				GO:0006260	DNA replication	GO:0003688;GO:0005524	DNA replication origin binding;ATP binding					GO:0003677;GO:0006259;GO:0009058
g14303.t1 LLXK01000827.1_35782_36018
g14304.t1 LLXK01000827.1_36411_42319										Coiled coil		
g14698.t1 LLXK01001007.1_25542_41483		Cdc15p				GO:0004672;GO:0004713;GO:0005524	protein kinase activity;protein tyrosine kinase activity;ATP binding			Coiled coil;Kinase;Transferase		GO:0016301
g15369.t1 LLXK01000610.1_4265_5457
g16114.t1 LLXK01001253.1_4474_10391		Rim15p				GO:0004672;GO:0005524	protein kinase activity;ATP binding	GO:0016021	integral component of membrane	ATP-binding;Coiled coil;Membrane;Nucleotide-binding;Transmembrane;Transmembrane helix		GO:0016301
g16458.t1 LLXK01000742.1_2480_3896
g18757.t1 LLXK01001723.1_15605_21036	RirG_240590	Pdc2p				GO:0003676;GO:0003677	nucleic acid binding;DNA binding			Homeobox;Coiled coil		GO:0003677
g19784.t1 LLXK01001611.1_8955_9745
g21494.t1 LLXK01002015.1_5417_6377		Est2p				GO:0003677;GO:0003721;GO:0003964	DNA binding;telomerase RNA reverse transcriptase activity;RNA-directed DNA polymerase activity			Coiled coil		GO:0016779
g21495.t1 LLXK01002015.1_6752_11482	RirG_182420	Sgs1p		GO:0006310	DNA recombination	GO:0005524;GO:0003676;GO:0008026	ATP binding;nucleic acid binding;ATP-dependent helicase activity			Coiled coil		GO:0006259;GO:0016887;GO:0004386
g21638.t1 LLXK01002693.1_10853_11779
g21639.t1 LLXK01002693.1_12242_12920								GO:0016021	integral component of membrane			
g21640.t1 LLXK01002693.1_13382_16417
g22476.t1 LLXK01001831.1_3550_7077
g22477.t1 LLXK01001831.1_7111_7326
g23233.t1 LLXK01003335.1_2161_2400						GO:0046872	metal ion binding					GO:0043167
g23234.t1 LLXK01003335.1_3320_6575						GO:0003676	nucleic acid binding					GO:0043167
g23351.t1 LLXK01003412.1_4031_10515
g23417.t1 LLXK01003090.1_2949_4428
g23528.t1 LLXK01002599.1_1_129
g23529.t1 LLXK01002599.1_1697_3991	RirG_205890	E2 ubiquitin-conjugating protein UBC5				GO:0003676	nucleic acid binding			Coiled coil;Ubl conjugation pathway		
g23530.t1 LLXK01002599.1_4971_7765
