#ID	GENENAME	DESCRIPTION	ENZYME	GO(P)ID	GO(P)NAME	GO(F)ID	GO(F)NAME	GO(C)ID	GO(C)NAME	KEYWORD	PATHWAY	GOSLIM
g228.t1 LLXL01000018.1_21519_25923						GO:0003677	DNA binding					GO:0003677
g295.t1 LLXL01000163.1_87720_89057	alrD	Aldo-keto reductase	1.1.1.188;1.1.1.21;1.-.-.-;1.1.-.-;1.1.1.283;1.1.1.274;1.1.1.-	GO:0019571;GO:0001516	D-arabinose catabolic process;prostaglandin biosynthetic process	GO:0004032;GO:0047017;GO:0004033;GO:0050580;GO:0016491;GO:0036131;GO:0043892;GO:0045290	alditol;prostaglandin-F synthase activity;aldo-keto reductase (NADP) activity;2,5-didehydrogluconate reductase activity;oxidoreductase activity;prostaglandin D2 11-ketoreductase activity;methylglyoxal reductase (NADPH-dependent) activity;D-arabinose 1-dehydrogenase [NAD(P)+] activity	GO:0005829;GO:0005634	cytosol;nucleus	Lipid metabolism;Fatty acid biosynthesis;Prostaglandin biosynthesis;Prostaglandin metabolism;Oxidoreductase;Fatty acid metabolism;NADP;Lipid biosynthesis	Lipid metabolism	GO:0005829;GO:0016491
g2377.t1 LLXL01000409.1_67747_77877								GO:0016021	integral component of membrane	Membrane;Transmembrane;Transmembrane helix		
g3835.t1 LLXL01000088.1_81065_81514
g6912.t1 LLXL01000527.1_24949_27346	RirG_215130	Sgs1p		GO:0006310;GO:0006281;GO:0006260	DNA recombination;DNA repair;DNA replication	GO:0008026;GO:0003676;GO:0005524;GO:0043140	ATP-dependent helicase activity;nucleic acid binding;ATP binding;ATP-dependent 3'-5' DNA helicase activity					GO:0004386;GO:0006259;GO:0006950;GO:0016887;GO:0009058
g6913.t1 LLXL01000527.1_28785_29171				GO:0006260;GO:0006281	DNA replication;DNA repair	GO:0003676;GO:0043140	nucleic acid binding;ATP-dependent 3'-5' DNA helicase activity			Signal		GO:0004386;GO:0006259;GO:0006950;GO:0016887
g6914.t1 LLXL01000527.1_29316_30009
g7313.t1 LLXL01001295.1_59306_62596						GO:0003676	nucleic acid binding			Signal		
g7314.t1 LLXL01001295.1_62790_63026
g8818.t1 LLXL01000340.1_1_4233
g8819.t1 LLXL01000340.1_4305_5297						GO:0008270	zinc ion binding					GO:0043167
g8820.t1 LLXL01000340.1_5333_6045
g9333.t1 LLXL01000394.1_6448_10371
g9768.t1 LLXL01000802.1_50658_51357
g10259.t1 LLXL01001492.1_21613_22272
g10260.t1 LLXL01001492.1_24125_24592
g10261.t1 LLXL01001492.1_25034_28555
g11735.t1 LLXL01001795.1_15449_16524
g11736.t1 LLXL01001795.1_17754_19763
g11737.t1 LLXL01001795.1_23589_23990
g15058.t1 LLXL01001171.1_33489_34768		Vps21p		GO:0007264	small GTPase mediated signal transduction	GO:0003723;GO:0005525;GO:0008270	RNA binding;GTP binding;zinc ion binding			Metal-binding;Zinc;Zinc-finger		GO:0003723;GO:0043167
g15832.t1 LLXL01001605.1_24303_25852						GO:0003676;GO:0008270	nucleic acid binding;zinc ion binding			Coiled coil;Metal-binding;Zinc;Zinc-finger		GO:0043167
g16274.t1 LLXL01001588.1_4537_8197
g18324.t1 LLXL01001564.1_18415_19502
g21426.t1 LLXL01002185.1_9896_11800
g21462.t1 LLXL01003251.1_11511_12561										Coiled coil		
g22196.t1 LLXL01003607.1_8374_10704
g22344.t1 LLXL01004220.1_7965_8321
g22345.t1 LLXL01004220.1_9083_11835
