#ID	GENENAME	DESCRIPTION	ENZYME	GO(P)ID	GO(P)NAME	GO(F)ID	GO(F)NAME	GO(C)ID	GO(C)NAME	KEYWORD	PATHWAY	GOSLIM
g1686.t1 scaffold320_42553_44144
g8244.t1 scaffold2820_1_3301
g9057.t1 scaffold1802_11780_14305	moe1	Eukaryotic translation initiation factor 3 subunit D		GO:0001731;GO:0032012;GO:0075522;GO:0001732;GO:0006446;GO:0075525;GO:0006413;GO:0043581	formation of translation preinitiation complex;regulation of ARF protein signal transduction;IRES-dependent viral translational initiation;formation of cytoplasmic translation initiation complex;regulation of translational initiation;viral translational termination-reinitiation;translational initiation;mycelium development	GO:0044822;GO:0005086;GO:0003743	poly(A) RNA binding;ARF guanyl-nucleotide exchange factor activity;translation initiation factor activity	GO:0005829;GO:0005852;GO:0005634;GO:0033290;GO:0016282;GO:0071540;GO:0071541	cytosol;eukaryotic translation initiation factor 3 complex;nucleus;eukaryotic 48S preinitiation complex;eukaryotic 43S preinitiation complex;eukaryotic translation initiation factor 3 complex, eIF3e;eukaryotic translation initiation factor 3 complex, eIF3m	Protein biosynthesis;Initiation factor;Cytoplasm;Phosphoprotein		GO:0022618;GO:0006412;GO:0005634;GO:0005829;GO:0043234;GO:0005737;GO:0008135
g12458.t1 scaffold720_15950_18951	GF14463	Putative ZZ-type zinc finger-containing protein				GO:0008270;GO:0003677	zinc ion binding;DNA binding			DNA-binding;Homeobox;Coiled coil		GO:0003677;GO:0043167
g24704.t1 scaffold2709_1_4464
g24705.t1 scaffold2709_4552_6191		Unplaced genomic scaffold SPHSTscaffold_259, whole genome shotgun sequence		GO:0032502	developmental process	GO:0003676;GO:0003677	nucleic acid binding;DNA binding					GO:0003677
g25717.t1 scaffold591_31590_33251
g27908.t1 scaffold2075_1480_10557	GH10174	GH10174				GO:0005216	ion channel activity	GO:0016021	integral component of membrane	Transmembrane;Transmembrane helix;Membrane;Ion channel;Transport;Ion transport;Coiled coil		GO:0022857
g28528.t1 scaffold3022_1_5083
