#ID	GENENAME	DESCRIPTION	ENZYME	GO(P)ID	GO(P)NAME	GO(F)ID	GO(F)NAME	GO(C)ID	GO(C)NAME	KEYWORD	PATHWAY	GOSLIM
g9870.t1 scaffold754_26154_28272						GO:0001227;GO:0003676;GO:0003690	transcriptional repressor activity, RNA polymerase II transcription regulatory region sequence-specific binding;nucleic acid binding;double-stranded DNA binding	GO:0005634	nucleus			GO:0001071;GO:0005634
g10967.t1 scaffold1349_13706_14505
g12479.t1 scaffold2279_5806_7418
g12480.t1 scaffold2279_7506_9145		Unplaced genomic scaffold SPHSTscaffold_259, whole genome shotgun sequence		GO:0032502	developmental process	GO:0003676;GO:0003677	nucleic acid binding;DNA binding					GO:0003677
g14446.t1 scaffold3012_1_2407	RirG_048200	Rad53p				GO:0004713;GO:0005524;GO:0004672	protein tyrosine kinase activity;ATP binding;protein kinase activity			Tyrosine-protein kinase;ATP-binding;TPR repeat;Nucleotide-binding;Coiled coil		GO:0016301
g14447.t1 scaffold3012_2510_3688	RirG_048210									Coiled coil		
g14448.t1 scaffold3012_3713_4559										Coiled coil		
g16542.t1 scaffold1974_1_5440
g21210.t1 scaffold435_26112_36024	RirG_037910	Unplaced genomic scaffold PAXINscaffold_306, whole genome shotgun sequence				GO:0005525	GTP binding			Coiled coil		
g21992.t1 scaffold370_19861_20576	RirG_242910					GO:0003676;GO:0046872	nucleic acid binding;metal ion binding					GO:0043167
g26204.t1 scaffold2837_130_3131	GF14463	Putative ZZ-type zinc finger-containing protein				GO:0008270;GO:0003677	zinc ion binding;DNA binding			Homeobox;Coiled coil;DNA-binding		GO:0003677;GO:0043167
